{"cameraMode":{"drawMode":0,"name":"Shaded","section":"Shading Mode"},"sceneLighting":true,"audioPlay":false,"sceneViewState":{"m_AlwaysRefresh":false,"showFog":true,"showSkybox":true,"showFlares":true,"showImageEffects":true,"showParticleSystems":true,"showVisualEffectGraphs":true,"m_FxEnabled":true},"in2DMode":false,"pivot":{"x":-1.1455638408660889,"y":-0.7033753395080566,"z":0.08376646041870117},"rotation":{"x":-0.014413041062653065,"y":0.9638028740882874,"z":-0.2608451247215271,"w":-0.05325506627559662},"size":4.56133508682251,"orthographic":false}