{"cameraMode":{"drawMode":0,"name":"Shaded","section":"Shading Mode"},"sceneLighting":false,"audioPlay":false,"sceneViewState":{"m_AlwaysRefresh":false,"showFog":true,"showSkybox":false,"showFlares":true,"showImageEffects":true,"showParticleSystems":true,"showVisualEffectGraphs":true,"m_FxEnabled":true},"in2DMode":false,"pivot":{"x":6.031390190124512,"y":0.7068415880203247,"z":-2.960315704345703},"rotation":{"x":-0.01953543722629547,"y":0.44464510679244997,"z":0.010555149056017399,"w":0.8956179618835449},"size":1.725431203842163,"orthographic":false}