{"cameraMode":{"drawMode":0,"name":"Shaded","section":"Shading Mode"},"sceneLighting":false,"audioPlay":false,"sceneViewState":{"m_AlwaysRefresh":false,"showFog":true,"showSkybox":false,"showFlares":true,"showImageEffects":true,"showParticleSystems":true,"showVisualEffectGraphs":true,"m_FxEnabled":true},"in2DMode":false,"pivot":{"x":31.469886779785158,"y":0.5414959192276001,"z":-1.9798861742019654},"rotation":{"x":-0.4868387281894684,"y":-0.13093650341033936,"z":0.07390069216489792,"w":-0.8605658411979675},"size":1.0443447828292847,"orthographic":false}