{"cameraMode":{"drawMode":0,"name":"Shaded","section":"Shading Mode"},"sceneLighting":true,"audioPlay":false,"sceneViewState":{"m_AlwaysRefresh":false,"showFog":true,"showSkybox":true,"showFlares":true,"showImageEffects":true,"showParticleSystems":true,"showVisualEffectGraphs":true,"m_FxEnabled":true},"in2DMode":false,"pivot":{"x":-4.567042827606201,"y":-1.4359650611877442,"z":5.796417713165283},"rotation":{"x":0.33990123867988589,"y":0.0014090315671637655,"z":-0.0005101945716887713,"w":0.9404681921005249},"size":10.830565452575684,"orthographic":false}