{"cameraMode":{"drawMode":0,"name":"Shaded","section":"Shading Mode"},"sceneLighting":true,"audioPlay":false,"sceneViewState":{"m_AlwaysRefresh":false,"showFog":true,"showSkybox":true,"showFlares":true,"showImageEffects":true,"showParticleSystems":true,"showVisualEffectGraphs":true,"m_FxEnabled":true},"in2DMode":false,"pivot":{"x":-0.190128892660141,"y":-3.1319968700408937,"z":0.00484412582591176},"rotation":{"x":-0.009503575973212719,"y":0.9411081075668335,"z":-0.33694401383399966,"w":-0.02654547430574894},"size":8.019426345825196,"orthographic":false}