{"cameraMode":{"drawMode":0,"name":"Shaded","section":"Shading Mode"},"sceneLighting":true,"audioPlay":false,"sceneViewState":{"m_AlwaysRefresh":false,"showFog":true,"showSkybox":true,"showFlares":true,"showImageEffects":true,"showParticleSystems":true,"showVisualEffectGraphs":true,"m_FxEnabled":true},"in2DMode":false,"pivot":{"x":0.5532374382019043,"y":-0.1272132396697998,"z":0.1689009666442871},"rotation":{"x":0.30886930227279665,"y":-0.6153163909912109,"z":0.2851773202419281,"w":0.6670317649841309},"size":13.74140739440918,"orthographic":false}