{"cameraMode":{"drawMode":0,"name":"Shaded","section":"Shading Mode"},"sceneLighting":true,"audioPlay":false,"sceneViewState":{"m_AlwaysRefresh":false,"showFog":true,"showSkybox":true,"showFlares":true,"showImageEffects":true,"showParticleSystems":true,"showVisualEffectGraphs":true,"m_FxEnabled":true},"in2DMode":false,"pivot":{"x":0.4734804034233093,"y":-26.02130889892578,"z":27.160640716552736},"rotation":{"x":-0.3609752953052521,"y":-0.0022411842364817859,"z":0.0008676855359226465,"w":-0.9325820803642273},"size":28.085235595703126,"orthographic":false}