{"cameraMode":{"drawMode":0,"name":"Shaded","section":"Shading Mode"},"sceneLighting":true,"audioPlay":false,"sceneViewState":{"m_AlwaysRefresh":false,"showFog":true,"showSkybox":true,"showFlares":true,"showImageEffects":true,"showParticleSystems":true,"showVisualEffectGraphs":true,"m_FxEnabled":true},"in2DMode":false,"pivot":{"x":1.5218861103057862,"y":-13.783809661865235,"z":6.765033721923828},"rotation":{"x":-0.5549288392066956,"y":-0.014565369114279747,"z":0.009549461305141449,"w":-0.8318377733230591},"size":21.85755157470703,"orthographic":false}