{"cameraMode":{"drawMode":0,"name":"Shaded","section":"Shading Mode"},"sceneLighting":true,"audioPlay":false,"sceneViewState":{"m_AlwaysRefresh":false,"showFog":true,"showSkybox":true,"showFlares":true,"showImageEffects":true,"showParticleSystems":true,"showVisualEffectGraphs":true,"m_FxEnabled":true},"in2DMode":false,"pivot":{"x":-1.6392312049865723,"y":1.2503011226654053,"z":0.08022154122591019},"rotation":{"x":-0.379117876291275,"y":-0.005069717764854431,"z":0.0018961894093081356,"w":-0.9254366159439087},"size":16.456968307495118,"orthographic":false}