{"cameraMode":{"drawMode":0,"name":"Shaded","section":"Shading Mode"},"sceneLighting":true,"audioPlay":false,"sceneViewState":{"m_AlwaysRefresh":false,"showFog":true,"showSkybox":true,"showFlares":true,"showImageEffects":true,"showParticleSystems":true,"showVisualEffectGraphs":true,"m_FxEnabled":true},"in2DMode":false,"pivot":{"x":1.870302677154541,"y":0.8801984190940857,"z":0.41659843921661379},"rotation":{"x":0.4342102110385895,"y":0.20526491105556489,"z":-0.10221488028764725,"w":0.8712971806526184},"size":0.8441492319107056,"orthographic":false}