{"cameraMode":{"drawMode":0,"name":"Shaded","section":"Shading Mode"},"sceneLighting":true,"audioPlay":false,"sceneViewState":{"m_AlwaysRefresh":false,"showFog":true,"showSkybox":true,"showFlares":true,"showImageEffects":true,"showParticleSystems":true,"showVisualEffectGraphs":true,"m_FxEnabled":true},"in2DMode":false,"pivot":{"x":85.33333587646485,"y":0.8941761255264282,"z":-0.0000017881393432617188},"rotation":{"x":-0.5002368688583374,"y":-0.003493774449452758,"z":0.0017767800018191338,"w":-0.8660134673118591},"size":15.154455184936524,"orthographic":false}