{"cameraMode":{"drawMode":0,"name":"Shaded","section":"Shading Mode"},"sceneLighting":false,"audioPlay":false,"sceneViewState":{"m_AlwaysRefresh":false,"showFog":true,"showSkybox":false,"showFlares":true,"showImageEffects":true,"showParticleSystems":true,"showVisualEffectGraphs":true,"m_FxEnabled":true},"in2DMode":false,"pivot":{"x":1163.4686279296875,"y":625.7960815429688,"z":338.7745666503906},"rotation":{"x":0.0032440905924886467,"y":0.9839007258415222,"z":-0.17783024907112122,"w":0.018009033054113389},"size":2.7199079990386965,"orthographic":false}