{"cameraMode":{"drawMode":0,"name":"Shaded","section":"Shading Mode"},"sceneLighting":false,"audioPlay":false,"sceneViewState":{"m_AlwaysRefresh":false,"showFog":true,"showSkybox":false,"showFlares":true,"showImageEffects":true,"showParticleSystems":true,"showVisualEffectGraphs":true,"m_FxEnabled":true},"in2DMode":false,"pivot":{"x":2.946082592010498,"y":0.5762518644332886,"z":1.9634063243865967},"rotation":{"x":-0.379117876291275,"y":-0.005069717764854431,"z":0.0018961894093081356,"w":-0.9254366159439087},"size":0.911820113658905,"orthographic":false}