{"cameraMode":{"drawMode":0,"name":"Shaded","section":"Shading Mode"},"sceneLighting":false,"audioPlay":false,"sceneViewState":{"m_AlwaysRefresh":false,"showFog":true,"showSkybox":false,"showFlares":true,"showImageEffects":true,"showParticleSystems":true,"showVisualEffectGraphs":true,"m_FxEnabled":true},"in2DMode":false,"pivot":{"x":0.019732307642698289,"y":0.023448869585990907,"z":0.01164335012435913},"rotation":{"x":0.08121491223573685,"y":0.011954902671277523,"z":-0.0009770047618076206,"w":0.9966316223144531},"size":0.08211200684309006,"orthographic":false}