{"cameraMode":{"drawMode":0,"name":"Shaded","section":"Shading Mode"},"sceneLighting":false,"audioPlay":false,"sceneViewState":{"m_AlwaysRefresh":false,"showFog":true,"showSkybox":false,"showFlares":true,"showImageEffects":true,"showParticleSystems":true,"showVisualEffectGraphs":true,"m_FxEnabled":true},"in2DMode":false,"pivot":{"x":0.00004953145980834961,"y":1.499526858329773,"z":-0.001765921711921692},"rotation":{"x":-0.39421552419662478,"y":-0.11077921837568283,"z":0.04773524031043053,"w":-0.9111716747283936},"size":0.2808992266654968,"orthographic":false}