{"cameraMode":{"drawMode":0,"name":"Shaded","section":"Shading Mode"},"sceneLighting":true,"audioPlay":false,"sceneViewState":{"m_AlwaysRefresh":false,"showFog":true,"showSkybox":true,"showFlares":true,"showImageEffects":true,"showParticleSystems":true,"showVisualEffectGraphs":true,"m_FxEnabled":true},"in2DMode":false,"pivot":{"x":-1.6451714038848878,"y":2.993621587753296,"z":2.002218246459961},"rotation":{"x":0.1137523502111435,"y":0.004470752086490393,"z":-0.0005119735724292696,"w":0.9934993982315064},"size":5.09522008895874,"orthographic":false}